,Unnamed: 0,Unnamed: 0.1,Unnamed: 0.1.1,Unnamed: 0.1.1.1,Unnamed: 0.1.1.1.1,OrigCode,DestCode,Origin,Destination,Trips,Dist,Persons 2011_x,OriPop19,DestEmp19,Ourban,Durban,Inc19_x,region,Inc19_y,lon-origin,lat-origin,lon-dist,lat-dist,color
0,0,0,0,0,0,30101,30101,Gamle Oslo,Gamle Oslo,54156,0.0,32642,41736,43121,4.75,4.75,453000,30101,453000,10.7347673396537,59.8992367,10.7347673396537,59.8992367,blue
1,1,1,1,1,1,30102,30101,Grünerløkka,Gamle Oslo,18715,3770.79469836311,36931,47824,43121,3.65,4.75,450000,30101,453000,10.7774211663347,59.92547125,10.7347673396537,59.8992367,blue
2,2,2,2,2,2,30103,30101,Sagene,Gamle Oslo,9690,4797.63523369176,27199,33852,43121,2.34,4.75,461000,30101,453000,10.7658488126624,59.93827295,10.7347673396537,59.8992367,blue
3,3,3,3,3,3,30104,30101,St. Hanshaugen,Gamle Oslo,12727,3558.66347197434,26137,29966,43121,2.8,4.75,430000,30101,453000,10.7389582516493,59.9279499,10.7347673396537,59.8992367,blue
4,4,4,4,4,4,30105,30101,Frogner,Gamle Oslo,14509,3071.77407263462,37858,42741,43121,5.35,4.75,464000,30101,453000,10.7066491,59.9222241,10.7347673396537,59.8992367,blue
5,5,5,5,5,5,30106,30101,Ullern,Gamle Oslo,5644,5495.85069531025,18359,19164,43121,7.1,4.75,648000,30101,453000,10.6651318330476,59.9258182,10.7347673396537,59.8992367,blue
6,6,6,6,6,6,30107,30101,Vestre Aker,Gamle Oslo,6307,7545.01645033184,26115,27837,43121,11.55,4.75,688000,30101,453000,10.6703187408315,59.95830005,10.7347673396537,59.8992367,blue
7,7,7,7,7,7,30108,30101,Nordre Aker,Gamle Oslo,9597,6484.16730704056,29692,31804,43121,10.5,4.75,578000,30101,453000,10.7564123566546,59.95363815,10.7347673396537,59.8992367,blue
8,8,8,8,8,8,30109,30101,Bjerke,Gamle Oslo,6242,6602.88289850376,17453,20501,43121,5.85,4.75,490000,30101,453000,10.8292084530298,59.9413947,10.7347673396537,59.8992367,blue
9,9,9,9,9,9,30110,30101,Grorud,Gamle Oslo,4085,10747.0885742008,15957,17273,43121,4.37,4.75,453000,30101,453000,10.8805488,59.9614243,10.7347673396537,59.8992367,blue
10,10,10,10,10,10,30111,30101,Stovner,Gamle Oslo,4175,12068.2800883651,17580,19116,43121,5.04,4.75,489000,30101,453000,10.9228232,59.9621403,10.7347673396537,59.8992367,blue
11,11,11,11,11,11,30112,30101,Alna,Gamle Oslo,11422,7880.68840244435,29231,30341,43121,9.23,4.75,477000,30101,453000,10.8352756,59.9324168,10.7347673396537,59.8992367,blue
12,12,12,12,12,12,30113,30101,Østensjø,Gamle Oslo,9918,5228.02136598383,27005,30474,43121,7.66,4.75,539000,30101,453000,10.8327479245309,59.8875633,10.7347673396537,59.8992367,blue
13,13,13,13,13,13,30114,30101,Nordstrand,Gamle Oslo,9361,3628.12138118424,27713,30471,43121,11.83,4.75,607000,30101,453000,10.7861425,59.8645605,10.7347673396537,59.8992367,blue
14,14,14,14,14,14,30115,30101,Søndre Nordstrand,Gamle Oslo,5652,8344.19013933794,21953,23438,43121,6.16,4.75,539000,30101,453000,10.7984955157279,59.83594385,10.7347673396537,59.8992367,blue
15,15,15,15,15,15,30116,30101,Sentrum,Gamle Oslo,11109,1380.58582467063,825,1264,43121,1.4,4.75,335000,30101,453000,10.7531379,59.9110251,10.7347673396537,59.8992367,blue
16,16,16,16,16,16,30117,30101,Marka,Gamle Oslo,340,13191.8939035905,1014,1035,43121,5.7,4.75,625000,30101,453000,10.6710051914903,60.04026165,10.7347673396537,59.8992367,blue
17,17,17,17,17,17,30101,30102,Gamle Oslo,Grünerløkka,18469,3770.79469836311,32642,41736,29560,4.75,3.65,453000,30102,450000,10.7347673396537,59.8992367,10.7774211663347,59.92547125,blue
18,18,18,18,18,18,30102,30102,Grünerløkka,Grünerløkka,57167,0.0,36931,47824,29560,3.65,3.65,450000,30102,450000,10.7774211663347,59.92547125,10.7774211663347,59.92547125,blue
19,19,19,19,19,19,30103,30102,Sagene,Grünerløkka,15379,1629.54121405631,27199,33852,29560,2.34,3.65,461000,30102,450000,10.7658488126624,59.93827295,10.7774211663347,59.92547125,blue
20,20,20,20,20,20,30104,30102,St. Hanshaugen,Grünerløkka,15837,2180.73896272236,26137,29966,29560,2.8,3.65,430000,30102,450000,10.7389582516493,59.9279499,10.7774211663347,59.92547125,blue
21,21,21,21,21,21,30105,30102,Frogner,Grünerløkka,14859,5199.68888620939,37858,42741,29560,5.35,3.65,464000,30102,450000,10.7066491,59.9222241,10.7774211663347,59.92547125,blue
22,22,22,22,22,22,30106,30102,Ullern,Grünerløkka,5510,6440.39664770284,18359,19164,29560,7.1,3.65,648000,30102,450000,10.6651318330476,59.9258182,10.7774211663347,59.92547125,blue
23,23,23,23,23,23,30107,30102,Vestre Aker,Grünerløkka,6253,6871.27920613281,26115,27837,29560,11.55,3.65,688000,30102,450000,10.6703187408315,59.95830005,10.7774211663347,59.92547125,blue
24,24,24,24,24,24,30108,30102,Nordre Aker,Grünerløkka,11759,3449.37479825082,29692,31804,29560,10.5,3.65,578000,30102,450000,10.7564123566546,59.95363815,10.7774211663347,59.92547125,blue
25,25,25,25,25,25,30109,30102,Bjerke,Grünerløkka,7476,2997.61797592963,17453,20501,29560,5.85,3.65,490000,30102,450000,10.8292084530298,59.9413947,10.7774211663347,59.92547125,blue
26,26,26,26,26,26,30110,30102,Grorud,Grünerløkka,4055,7159.14217644266,15957,17273,29560,4.37,3.65,453000,30102,450000,10.8805488,59.9614243,10.7774211663347,59.92547125,blue
27,27,27,27,27,27,30111,30102,Stovner,Grünerløkka,3744,8757.24585569651,17580,19116,29560,5.04,3.65,489000,30102,450000,10.9228232,59.9621403,10.7774211663347,59.92547125,blue
28,28,28,28,28,28,30112,30102,Alna,Grünerløkka,9082,4935.87649553491,29231,30341,29560,9.23,3.65,477000,30102,450000,10.8352756,59.9324168,10.7774211663347,59.92547125,blue
29,29,29,29,29,29,30113,30102,Østensjø,Grünerløkka,6616,4934.9232867709,27005,30474,29560,7.66,3.65,539000,30102,450000,10.8327479245309,59.8875633,10.7774211663347,59.92547125,blue
30,30,30,30,30,30,30114,30102,Nordstrand,Grünerløkka,6351,6095.00140087353,27713,30471,29560,11.83,3.65,607000,30102,450000,10.7861425,59.8645605,10.7774211663347,59.92547125,blue
31,31,31,31,31,31,30115,30102,Søndre Nordstrand,Grünerløkka,3876,10453.4688685713,21953,23438,29560,6.16,3.65,539000,30102,450000,10.7984955157279,59.83594385,10.7774211663347,59.92547125,blue
32,32,32,32,32,32,30116,30102,Sentrum,Grünerløkka,9569,2752.28906982427,825,1264,29560,1.4,3.65,335000,30102,450000,10.7531379,59.9110251,10.7774211663347,59.92547125,blue
33,33,33,33,33,33,30117,30102,Marka,Grünerløkka,661,10546.7497898375,1014,1035,29560,5.7,3.65,625000,30102,450000,10.6710051914903,60.04026165,10.7774211663347,59.92547125,blue
34,34,34,34,34,34,30101,30103,Gamle Oslo,Sagene,9668,4797.63523369176,32642,41736,19408,4.75,2.34,453000,30103,461000,10.7347673396537,59.8992367,10.7658488126624,59.93827295,blue
35,35,35,35,35,35,30102,30103,Grünerløkka,Sagene,15488,1629.54121405631,36931,47824,19408,3.65,2.34,450000,30103,461000,10.7774211663347,59.92547125,10.7658488126624,59.93827295,blue
36,36,36,36,36,36,30103,30103,Sagene,Sagene,31938,0.0,27199,33852,19408,2.34,2.34,461000,30103,461000,10.7658488126624,59.93827295,10.7658488126624,59.93827295,blue
37,37,37,37,37,37,30104,30103,St. Hanshaugen,Sagene,11780,1757.77262745789,26137,29966,19408,2.8,2.34,430000,30103,461000,10.7389582516493,59.9279499,10.7658488126624,59.93827295,blue
38,38,38,38,38,38,30105,30103,Frogner,Sagene,10579,5290.36432491015,37858,42741,19408,5.35,2.34,464000,30103,461000,10.7066491,59.9222241,10.7658488126624,59.93827295,blue
39,39,39,39,39,39,30106,30103,Ullern,Sagene,3964,5845.26287697077,18359,19164,19408,7.1,2.34,648000,30103,461000,10.6651318330476,59.9258182,10.7658488126624,59.93827295,blue
40,40,40,40,40,40,30107,30103,Vestre Aker,Sagene,4656,5614.37114950775,26115,27837,19408,11.55,2.34,688000,30103,461000,10.6703187408315,59.95830005,10.7658488126624,59.93827295,blue
41,41,41,41,41,41,30108,30103,Nordre Aker,Sagene,13792,1847.91990638116,29692,31804,19408,10.5,2.34,578000,30103,461000,10.7564123566546,59.95363815,10.7658488126624,59.93827295,blue
42,42,42,42,42,42,30109,30103,Bjerke,Sagene,4685,3299.58156398822,17453,20501,19408,5.85,2.34,490000,30103,461000,10.8292084530298,59.9413947,10.7658488126624,59.93827295,blue
43,43,43,43,43,43,30110,30103,Grorud,Sagene,2352,7120.51850792799,15957,17273,19408,4.37,2.34,453000,30103,461000,10.8805488,59.9614243,10.7658488126624,59.93827295,blue
44,44,44,44,44,44,30111,30103,Stovner,Sagene,1803,9019.61943456911,17580,19116,19408,5.04,2.34,489000,30103,461000,10.9228232,59.9621403,10.7658488126624,59.93827295,blue
45,45,45,45,45,45,30112,30103,Alna,Sagene,5271,5721.43347228219,29231,30341,19408,9.23,2.34,477000,30103,461000,10.8352756,59.9324168,10.7658488126624,59.93827295,blue
46,46,46,46,46,46,30113,30103,Østensjø,Sagene,3809,6535.76775102701,27005,30474,19408,7.66,2.34,539000,30103,461000,10.8327479245309,59.8875633,10.7658488126624,59.93827295,blue
47,47,47,47,47,47,30114,30103,Nordstrand,Sagene,3643,7591.02746187971,27713,30471,19408,11.83,2.34,607000,30103,461000,10.7861425,59.8645605,10.7658488126624,59.93827295,blue
48,48,48,48,48,48,30115,30103,Søndre Nordstrand,Sagene,1863,12046.2051078755,21953,23438,19408,6.16,2.34,539000,30103,461000,10.7984955157279,59.83594385,10.7658488126624,59.93827295,blue
49,49,49,49,49,49,30116,30103,Sentrum,Sagene,5475,3507.51195039899,825,1264,19408,1.4,2.34,335000,30103,461000,10.7531379,59.9110251,10.7658488126624,59.93827295,blue
50,50,50,50,50,50,30117,30103,Marka,Sagene,616,8934.33598916795,1014,1035,19408,5.7,2.34,625000,30103,461000,10.6710051914903,60.04026165,10.7658488126624,59.93827295,blue
51,51,51,51,51,51,30101,30104,Gamle Oslo,St. Hanshaugen,12592,3558.66347197434,32642,41736,54104,4.75,2.8,453000,30104,430000,10.7347673396537,59.8992367,10.7389582516493,59.9279499,blue
52,52,52,52,52,52,30102,30104,Grünerløkka,St. Hanshaugen,15743,2180.73896272236,36931,47824,54104,3.65,2.8,450000,30104,430000,10.7774211663347,59.92547125,10.7389582516493,59.9279499,blue
53,53,53,53,53,53,30103,30104,Sagene,St. Hanshaugen,11580,1757.77262745789,27199,33852,54104,2.34,2.8,461000,30104,430000,10.7658488126624,59.93827295,10.7389582516493,59.9279499,blue
54,54,54,54,54,54,30104,30104,St. Hanshaugen,St. Hanshaugen,35436,0.0,26137,29966,54104,2.8,2.8,430000,30104,430000,10.7389582516493,59.9279499,10.7389582516493,59.9279499,blue
55,55,55,55,55,55,30105,30104,Frogner,St. Hanshaugen,18712,3534.40555753542,37858,42741,54104,5.35,2.8,464000,30104,430000,10.7066491,59.9222241,10.7389582516493,59.9279499,blue
56,56,56,56,56,56,30106,30104,Ullern,St. Hanshaugen,5706,4300.9221295476,18359,19164,54104,7.1,2.8,648000,30104,430000,10.6651318330476,59.9258182,10.7389582516493,59.9279499,blue
57,57,57,57,57,57,30107,30104,Vestre Aker,St. Hanshaugen,7633,4837.35200286952,26115,27837,54104,11.55,2.8,688000,30104,430000,10.6703187408315,59.95830005,10.7389582516493,59.9279499,blue
58,58,58,58,58,58,30108,30104,Nordre Aker,St. Hanshaugen,11762,3033.76588759992,29692,31804,54104,10.5,2.8,578000,30104,430000,10.7564123566546,59.95363815,10.7389582516493,59.9279499,blue
59,59,59,59,59,59,30109,30104,Bjerke,St. Hanshaugen,4267,4845.28939301329,17453,20501,54104,5.85,2.8,490000,30104,430000,10.8292084530298,59.9413947,10.7389582516493,59.9279499,blue
60,60,60,60,60,60,30110,30104,Grorud,St. Hanshaugen,2694,8829.16948317773,15957,17273,54104,4.37,2.8,453000,30104,430000,10.8805488,59.9614243,10.7389582516493,59.9279499,blue
61,61,61,61,61,61,30111,30104,Stovner,St. Hanshaugen,2496,10645.5618987693,17580,19116,54104,5.04,2.8,489000,30104,430000,10.9228232,59.9621403,10.7389582516493,59.9279499,blue
62,62,62,62,62,62,30112,30104,Alna,St. Hanshaugen,5869,7053.06713921173,29231,30341,54104,9.23,2.8,477000,30104,430000,10.8352756,59.9324168,10.7389582516493,59.9279499,blue
63,63,63,63,63,63,30113,30104,Østensjø,St. Hanshaugen,5705,6750.02285383301,27005,30474,54104,7.66,2.8,539000,30104,430000,10.8327479245309,59.8875633,10.7389582516493,59.9279499,blue
64,64,64,64,64,64,30114,30104,Nordstrand,St. Hanshaugen,5962,6861.27135195817,27713,30471,54104,11.83,2.8,607000,30104,430000,10.7861425,59.8645605,10.7389582516493,59.9279499,blue
65,65,65,65,65,65,30115,30104,Søndre Nordstrand,St. Hanshaugen,3541,11524.6678467151,21953,23438,54104,6.16,2.8,539000,30104,430000,10.7984955157279,59.83594385,10.7389582516493,59.9279499,blue
66,66,66,66,66,66,30116,30104,Sentrum,St. Hanshaugen,11452,2178.11600662083,825,1264,54104,1.4,2.8,335000,30104,430000,10.7531379,59.9110251,10.7389582516493,59.9279499,blue
67,67,67,67,67,67,30117,30104,Marka,St. Hanshaugen,518,9650.40985410208,1014,1035,54104,5.7,2.8,625000,30104,430000,10.6710051914903,60.04026165,10.7389582516493,59.9279499,blue
68,68,68,68,68,68,30101,30105,Gamle Oslo,Frogner,14549,3071.77407263462,32642,41736,48082,4.75,5.35,453000,30105,464000,10.7347673396537,59.8992367,10.7066491,59.9222241,blue
69,69,69,69,69,69,30102,30105,Grünerløkka,Frogner,14880,5199.68888620939,36931,47824,48082,3.65,5.35,450000,30105,464000,10.7774211663347,59.92547125,10.7066491,59.9222241,blue
70,70,70,70,70,70,30103,30105,Sagene,Frogner,10563,5290.36432491015,27199,33852,48082,2.34,5.35,461000,30105,464000,10.7658488126624,59.93827295,10.7066491,59.9222241,blue
71,71,71,71,71,71,30104,30105,St. Hanshaugen,Frogner,18561,3534.40555753542,26137,29966,48082,2.8,5.35,430000,30105,464000,10.7389582516493,59.9279499,10.7066491,59.9222241,blue
72,72,72,72,72,72,30105,30105,Frogner,Frogner,65838,0.0,37858,42741,48082,5.35,5.35,464000,30105,464000,10.7066491,59.9222241,10.7066491,59.9222241,blue
73,73,73,73,73,73,30106,30105,Ullern,Frogner,12633,2583.11812802352,18359,19164,48082,7.1,5.35,648000,30105,464000,10.6651318330476,59.9258182,10.7066491,59.9222241,blue
74,74,74,74,74,74,30107,30105,Vestre Aker,Frogner,14686,5254.11151791971,26115,27837,48082,11.55,5.35,688000,30105,464000,10.6703187408315,59.95830005,10.7066491,59.9222241,blue
75,75,75,75,75,75,30108,30105,Nordre Aker,Frogner,14255,6338.85002718178,29692,31804,48082,10.5,5.35,578000,30105,464000,10.7564123566546,59.95363815,10.7066491,59.9222241,blue
76,76,76,76,76,76,30109,30105,Bjerke,Frogner,5197,8167.21523379941,17453,20501,48082,5.85,5.35,490000,30105,464000,10.8292084530298,59.9413947,10.7066491,59.9222241,blue
77,77,77,77,77,77,30110,30105,Grorud,Frogner,3488,12273.1887235579,15957,17273,48082,4.37,5.35,453000,30105,464000,10.8805488,59.9614243,10.7066491,59.9222241,blue
78,78,78,78,78,78,30111,30105,Stovner,Frogner,3264,13955.4376191225,17580,19116,48082,5.04,5.35,489000,30105,464000,10.9228232,59.9621403,10.7066491,59.9222241,blue
79,79,79,79,79,79,30112,30105,Alna,Frogner,7587,10048.4057929507,29231,30341,48082,9.23,5.35,477000,30105,464000,10.8352756,59.9324168,10.7066491,59.9222241,blue
80,80,80,80,80,80,30113,30105,Østensjø,Frogner,6983,8210.10453063396,27005,30474,48082,7.66,5.35,539000,30105,464000,10.8327479245309,59.8875633,10.7066491,59.9222241,blue
81,81,81,81,81,81,30114,30105,Nordstrand,Frogner,8715,6483.48394867249,27713,30471,48082,11.83,5.35,607000,30105,464000,10.7861425,59.8645605,10.7066491,59.9222241,blue
82,82,82,82,82,82,30115,30105,Søndre Nordstrand,Frogner,4421,11064.5828766954,21953,23438,48082,6.16,5.35,539000,30105,464000,10.7984955157279,59.83594385,10.7066491,59.9222241,blue
83,83,83,83,83,83,30116,30105,Sentrum,Frogner,13480,2751.37587242439,825,1264,48082,1.4,5.35,335000,30105,464000,10.7531379,59.9110251,10.7066491,59.9222241,blue
84,84,84,84,84,84,30117,30105,Marka,Frogner,657,11910.5540420011,1014,1035,48082,5.7,5.35,625000,30105,464000,10.6710051914903,60.04026165,10.7066491,59.9222241,blue
85,85,85,85,85,85,30101,30106,Gamle Oslo,Ullern,5653,5495.85069531025,32642,41736,38334,4.75,7.1,453000,30106,648000,10.7347673396537,59.8992367,10.6651318330476,59.9258182,blue
86,86,86,86,86,86,30102,30106,Grünerløkka,Ullern,5328,6440.39664770284,36931,47824,38334,3.65,7.1,450000,30106,648000,10.7774211663347,59.92547125,10.6651318330476,59.9258182,blue
87,87,87,87,87,87,30103,30106,Sagene,Ullern,4047,5845.26287697077,27199,33852,38334,2.34,7.1,461000,30106,648000,10.7658488126624,59.93827295,10.6651318330476,59.9258182,blue
88,88,88,88,88,88,30104,30106,St. Hanshaugen,Ullern,5378,4300.9221295476,26137,29966,38334,2.8,7.1,430000,30106,648000,10.7389582516493,59.9279499,10.6651318330476,59.9258182,blue
89,89,89,89,89,89,30105,30106,Frogner,Ullern,12645,2583.11812802352,37858,42741,38334,5.35,7.1,464000,30106,648000,10.7066491,59.9222241,10.6651318330476,59.9258182,blue
90,90,90,90,90,90,30106,30106,Ullern,Ullern,26358,0.0,18359,19164,38334,7.1,7.1,648000,30106,648000,10.6651318330476,59.9258182,10.6651318330476,59.9258182,blue
91,91,91,91,91,91,30107,30106,Vestre Aker,Ullern,8634,3098.84180278516,26115,27837,38334,11.55,7.1,688000,30106,648000,10.6703187408315,59.95830005,10.6651318330476,59.9258182,blue
92,92,92,92,92,92,30108,30106,Nordre Aker,Ullern,6102,6144.39913874624,29692,31804,38334,10.5,7.1,578000,30106,648000,10.7564123566546,59.95363815,10.6651318330476,59.9258182,blue
93,93,93,93,93,93,30109,30106,Bjerke,Ullern,2412,9106.54246576892,17453,20501,38334,5.85,7.1,490000,30106,648000,10.8292084530298,59.9413947,10.6651318330476,59.9258182,blue
94,94,94,94,94,94,30110,30106,Grorud,Ullern,1479,12926.6736947766,15957,17273,38334,4.37,7.1,453000,30106,648000,10.8805488,59.9614243,10.6651318330476,59.9258182,blue
95,95,95,95,95,95,30111,30106,Stovner,Ullern,1325,14864.8426285369,17580,19116,38334,5.04,7.1,489000,30106,648000,10.9228232,59.9621403,10.6651318330476,59.9258182,blue
96,96,96,96,96,96,30112,30106,Alna,Ullern,3485,11352.1250773718,29231,30341,38334,9.23,7.1,477000,30106,648000,10.8352756,59.9324168,10.6651318330476,59.9258182,blue
97,97,97,97,97,97,30113,30106,Østensjø,Ullern,3173,10360.2811802611,27005,30474,38334,7.66,7.1,539000,30106,648000,10.8327479245309,59.8875633,10.6651318330476,59.9258182,blue
98,98,98,98,98,98,30114,30106,Nordstrand,Ullern,3656,9029.77776385104,27713,30471,38334,11.83,7.1,607000,30106,648000,10.7861425,59.8645605,10.6651318330476,59.9258182,blue
99,99,99,99,99,99,30115,30106,Søndre Nordstrand,Ullern,1808,13643.4988208261,21953,23438,38334,6.16,7.1,539000,30106,648000,10.7984955157279,59.83594385,10.6651318330476,59.9258182,blue
100,100,100,100,100,100,30116,30106,Sentrum,Ullern,3552,4752.55367061221,825,1264,38334,1.4,7.1,335000,30106,648000,10.7531379,59.9110251,10.6651318330476,59.9258182,blue
101,101,101,101,101,101,30117,30106,Marka,Ullern,508,10231.7567614521,1014,1035,38334,5.7,7.1,625000,30106,648000,10.6710051914903,60.04026165,10.6651318330476,59.9258182,blue
102,102,102,102,102,102,30101,30107,Gamle Oslo,Vestre Aker,6155,7545.01645033184,32642,41736,13362,4.75,11.55,453000,30107,688000,10.7347673396537,59.8992367,10.6703187408315,59.95830005,blue
103,103,103,103,103,103,30102,30107,Grünerløkka,Vestre Aker,6017,6871.27920613281,36931,47824,13362,3.65,11.55,450000,30107,688000,10.7774211663347,59.92547125,10.6703187408315,59.95830005,blue
104,104,104,104,104,104,30103,30107,Sagene,Vestre Aker,4572,5614.37114950775,27199,33852,13362,2.34,11.55,461000,30107,688000,10.7658488126624,59.93827295,10.6703187408315,59.95830005,blue
105,105,105,105,105,105,30104,30107,St. Hanshaugen,Vestre Aker,7374,4837.35200286952,26137,29966,13362,2.8,11.55,430000,30107,688000,10.7389582516493,59.9279499,10.6703187408315,59.95830005,blue
106,106,106,106,106,106,30105,30107,Frogner,Vestre Aker,14795,5254.11151791971,37858,42741,13362,5.35,11.55,464000,30107,688000,10.7066491,59.9222241,10.6703187408315,59.95830005,blue
107,107,107,107,107,107,30106,30107,Ullern,Vestre Aker,8621,3098.84180278516,18359,19164,13362,7.1,11.55,648000,30107,688000,10.6651318330476,59.9258182,10.6703187408315,59.95830005,blue
108,108,108,108,108,108,30107,30107,Vestre Aker,Vestre Aker,41169,0.0,26115,27837,13362,11.55,11.55,688000,30107,688000,10.6703187408315,59.95830005,10.6703187408315,59.95830005,blue
109,109,109,109,109,109,30108,30107,Nordre Aker,Vestre Aker,8739,4929.395293313,29692,31804,13362,10.5,11.55,578000,30107,688000,10.7564123566546,59.95363815,10.6703187408315,59.95830005,blue
110,110,110,110,110,110,30109,30107,Bjerke,Vestre Aker,2829,8783.02680669126,17453,20501,13362,5.85,11.55,490000,30107,688000,10.8292084530298,59.9413947,10.6703187408315,59.95830005,blue
111,111,111,111,111,111,30110,30107,Grorud,Vestre Aker,1544,11968.9246857608,15957,17273,13362,4.37,11.55,453000,30107,688000,10.8805488,59.9614243,10.6703187408315,59.95830005,blue
112,112,112,112,112,112,30111,30107,Stovner,Vestre Aker,1429,14130.3241639588,17580,19116,13362,5.04,11.55,489000,30107,688000,10.9228232,59.9621403,10.6703187408315,59.95830005,blue
113,113,113,113,113,113,30112,30107,Alna,Vestre Aker,4345,11299.39755792,29231,30341,13362,9.23,11.55,477000,30107,688000,10.8352756,59.9324168,10.6703187408315,59.95830005,blue
114,114,114,114,114,114,30113,30107,Østensjø,Vestre Aker,3216,11584.1943607258,27005,30474,13362,7.66,11.55,539000,30107,688000,10.8327479245309,59.8875633,10.6703187408315,59.95830005,blue
115,115,115,115,115,115,30114,30107,Nordstrand,Vestre Aker,3632,11167.2925200225,27713,30471,13362,11.83,11.55,607000,30107,688000,10.7861425,59.8645605,10.6703187408315,59.95830005,blue
116,116,116,116,116,116,30115,30107,Søndre Nordstrand,Vestre Aker,1905,15888.5596813701,21953,23438,13362,6.16,11.55,539000,30107,688000,10.7984955157279,59.83594385,10.6703187408315,59.95830005,blue
117,117,117,117,117,117,30116,30107,Sentrum,Vestre Aker,4488,6391.52976709036,825,1264,13362,1.4,11.55,335000,30107,688000,10.7531379,59.9110251,10.6703187408315,59.95830005,blue
118,118,118,118,118,118,30117,30107,Marka,Vestre Aker,1278,7197.63251362662,1014,1035,13362,5.7,11.55,625000,30107,688000,10.6710051914903,60.04026165,10.6703187408315,59.95830005,blue
119,119,119,119,119,119,30101,30108,Gamle Oslo,Nordre Aker,9544,6484.16730704056,32642,41736,42238,4.75,10.5,453000,30108,578000,10.7347673396537,59.8992367,10.7564123566546,59.95363815,blue
120,120,120,120,120,120,30102,30108,Grünerløkka,Nordre Aker,11666,3449.37479825082,36931,47824,42238,3.65,10.5,450000,30108,578000,10.7774211663347,59.92547125,10.7564123566546,59.95363815,blue
121,121,121,121,121,121,30103,30108,Sagene,Nordre Aker,13830,1847.91990638116,27199,33852,42238,2.34,10.5,461000,30108,578000,10.7658488126624,59.93827295,10.7564123566546,59.95363815,blue
122,122,122,122,122,122,30104,30108,St. Hanshaugen,Nordre Aker,11459,3033.76588759992,26137,29966,42238,2.8,10.5,430000,30108,578000,10.7389582516493,59.9279499,10.7564123566546,59.95363815,blue
123,123,123,123,123,123,30105,30108,Frogner,Nordre Aker,13840,6338.85002718178,37858,42741,42238,5.35,10.5,464000,30108,578000,10.7066491,59.9222241,10.7564123566546,59.95363815,blue
124,124,124,124,124,124,30106,30108,Ullern,Nordre Aker,6185,6144.39913874624,18359,19164,42238,7.1,10.5,648000,30108,578000,10.6651318330476,59.9258182,10.7564123566546,59.95363815,blue
125,125,125,125,125,125,30107,30108,Vestre Aker,Nordre Aker,8673,4929.395293313,26115,27837,42238,11.55,10.5,688000,30108,578000,10.6703187408315,59.95830005,10.7564123566546,59.95363815,blue
126,126,126,126,126,126,30108,30108,Nordre Aker,Nordre Aker,45548,0.0,29692,31804,42238,10.5,10.5,578000,30108,578000,10.7564123566546,59.95363815,10.7564123566546,59.95363815,blue
127,127,127,127,127,127,30109,30108,Bjerke,Nordre Aker,5961,4064.2229103551,17453,20501,42238,5.85,10.5,490000,30108,578000,10.8292084530298,59.9413947,10.7564123566546,59.95363815,blue
128,128,128,128,128,128,30110,30108,Grorud,Nordre Aker,3430,7058.17509408515,15957,17273,42238,4.37,10.5,453000,30108,578000,10.8805488,59.9614243,10.7564123566546,59.95363815,blue
129,129,129,129,129,129,30111,30108,Stovner,Nordre Aker,3161,9201.14297569189,17580,19116,42238,5.04,10.5,489000,30108,578000,10.9228232,59.9621403,10.7564123566546,59.95363815,blue
130,130,130,130,130,130,30112,30108,Alna,Nordre Aker,6978,6629.61342797927,29231,30341,42238,9.23,10.5,477000,30108,578000,10.8352756,59.9324168,10.7564123566546,59.95363815,blue
131,131,131,131,131,131,30113,30108,Østensjø,Nordre Aker,5873,8258.79044565783,27005,30474,42238,7.66,10.5,539000,30108,578000,10.8327479245309,59.8875633,10.7564123566546,59.95363815,blue
132,132,132,132,132,132,30114,30108,Nordstrand,Nordre Aker,5814,9430.30786287457,27713,30471,42238,11.83,10.5,607000,30108,578000,10.7861425,59.8645605,10.7564123566546,59.95363815,blue
133,133,133,133,133,133,30115,30108,Søndre Nordstrand,Nordre Aker,2989,13891.5473412866,21953,23438,42238,6.16,10.5,539000,30108,578000,10.7984955157279,59.83594385,10.7564123566546,59.95363815,blue
134,134,134,134,134,134,30116,30108,Sentrum,Nordre Aker,5524,5129.76934475753,825,1264,42238,1.4,10.5,335000,30108,578000,10.7531379,59.9110251,10.7564123566546,59.95363815,blue
135,135,135,135,135,135,30117,30108,Marka,Nordre Aker,1474,7097.38525458412,1014,1035,42238,5.7,10.5,625000,30108,578000,10.6710051914903,60.04026165,10.7564123566546,59.95363815,blue
136,136,136,136,136,136,30101,30109,Gamle Oslo,Bjerke,6256,6602.88289850376,32642,41736,22537,4.75,5.85,453000,30109,490000,10.7347673396537,59.8992367,10.8292084530298,59.9413947,blue
137,137,137,137,137,137,30102,30109,Grünerløkka,Bjerke,7503,2997.61797592963,36931,47824,22537,3.65,5.85,450000,30109,490000,10.7774211663347,59.92547125,10.8292084530298,59.9413947,blue
138,138,138,138,138,138,30103,30109,Sagene,Bjerke,4755,3299.58156398822,27199,33852,22537,2.34,5.85,461000,30109,490000,10.7658488126624,59.93827295,10.8292084530298,59.9413947,blue
139,139,139,139,139,139,30104,30109,St. Hanshaugen,Bjerke,4259,4845.28939301329,26137,29966,22537,2.8,5.85,430000,30109,490000,10.7389582516493,59.9279499,10.8292084530298,59.9413947,blue
140,140,140,140,140,140,30105,30109,Frogner,Bjerke,5101,8167.21523379941,37858,42741,22537,5.35,5.85,464000,30109,490000,10.7066491,59.9222241,10.8292084530298,59.9413947,blue
141,141,141,141,141,141,30106,30109,Ullern,Bjerke,2397,9106.54246576892,18359,19164,22537,7.1,5.85,648000,30109,490000,10.6651318330476,59.9258182,10.8292084530298,59.9413947,blue
142,142,142,142,142,142,30107,30109,Vestre Aker,Bjerke,2941,8783.02680669126,26115,27837,22537,11.55,5.85,688000,30109,490000,10.6703187408315,59.95830005,10.8292084530298,59.9413947,blue
143,143,143,143,143,143,30108,30109,Nordre Aker,Bjerke,5834,4064.2229103551,29692,31804,22537,10.5,5.85,578000,30109,490000,10.7564123566546,59.95363815,10.8292084530298,59.9413947,blue
144,144,144,144,144,144,30109,30109,Bjerke,Bjerke,22174,0.0,17453,20501,22537,5.85,5.85,490000,30109,490000,10.8292084530298,59.9413947,10.8292084530298,59.9413947,blue
145,145,145,145,145,145,30110,30109,Grorud,Bjerke,3784,4170.99180729637,15957,17273,22537,4.37,5.85,453000,30109,490000,10.8805488,59.9614243,10.8292084530298,59.9413947,blue
146,146,146,146,146,146,30111,30109,Stovner,Bjerke,3466,5809.02977864614,17580,19116,22537,5.04,5.85,489000,30109,490000,10.9228232,59.9621403,10.8292084530298,59.9413947,blue
147,147,147,147,147,147,30112,30109,Alna,Bjerke,9254,2565.59824320442,29231,30341,22537,9.23,5.85,477000,30109,490000,10.8352756,59.9324168,10.8292084530298,59.9413947,blue
148,148,148,148,148,148,30113,30109,Østensjø,Bjerke,4172,5406.33210074001,27005,30474,22537,7.66,5.85,539000,30109,490000,10.8327479245309,59.8875633,10.8292084530298,59.9413947,blue
149,149,149,149,149,149,30114,30109,Nordstrand,Bjerke,3368,8047.61090309418,27713,30471,22537,11.83,5.85,607000,30109,490000,10.7861425,59.8645605,10.8292084530298,59.9413947,blue
150,150,150,150,150,150,30115,30109,Søndre Nordstrand,Bjerke,2097,11710.8698120674,21953,23438,22537,6.16,5.85,539000,30109,490000,10.7984955157279,59.83594385,10.8292084530298,59.9413947,blue
151,151,151,151,151,151,30116,30109,Sentrum,Bjerke,2874,5732.48528572595,825,1264,22537,1.4,5.85,335000,30109,490000,10.7531379,59.9110251,10.8292084530298,59.9413947,blue
152,152,152,152,152,152,30117,30109,Marka,Bjerke,421,10343.7887960559,1014,1035,22537,5.7,5.85,625000,30109,490000,10.6710051914903,60.04026165,10.8292084530298,59.9413947,blue
153,153,153,153,153,153,30101,30110,Gamle Oslo,Grorud,4021,10747.0885742008,32642,41736,9297,4.75,4.37,453000,30110,453000,10.7347673396537,59.8992367,10.8805488,59.9614243,blue
154,154,154,154,154,154,30102,30110,Grünerløkka,Grorud,3918,7159.14217644266,36931,47824,9297,3.65,4.37,450000,30110,453000,10.7774211663347,59.92547125,10.8805488,59.9614243,blue
155,155,155,155,155,155,30103,30110,Sagene,Grorud,2484,7120.51850792799,27199,33852,9297,2.34,4.37,461000,30110,453000,10.7658488126624,59.93827295,10.8805488,59.9614243,blue
156,156,156,156,156,156,30104,30110,St. Hanshaugen,Grorud,2641,8829.16948317773,26137,29966,9297,2.8,4.37,430000,30110,453000,10.7389582516493,59.9279499,10.8805488,59.9614243,blue
157,157,157,157,157,157,30105,30110,Frogner,Grorud,3352,12273.1887235579,37858,42741,9297,5.35,4.37,464000,30110,453000,10.7066491,59.9222241,10.8805488,59.9614243,blue
158,158,158,158,158,158,30106,30110,Ullern,Grorud,1431,12926.6736947766,18359,19164,9297,7.1,4.37,648000,30110,453000,10.6651318330476,59.9258182,10.8805488,59.9614243,blue
159,159,159,159,159,159,30107,30110,Vestre Aker,Grorud,1491,11968.9246857608,26115,27837,9297,11.55,4.37,688000,30110,453000,10.6703187408315,59.95830005,10.8805488,59.9614243,blue
160,160,160,160,160,160,30108,30110,Nordre Aker,Grorud,3396,7058.17509408515,29692,31804,9297,10.5,4.37,578000,30110,453000,10.7564123566546,59.95363815,10.8805488,59.9614243,blue
161,161,161,161,161,161,30109,30110,Bjerke,Grorud,3746,4170.99180729637,17453,20501,9297,5.85,4.37,490000,30110,453000,10.8292084530298,59.9413947,10.8805488,59.9614243,blue
162,162,162,162,162,162,30110,30110,Grorud,Grorud,15334,0.0,15957,17273,9297,4.37,4.37,453000,30110,453000,10.8805488,59.9614243,10.8805488,59.9614243,blue
163,163,163,163,163,163,30111,30110,Stovner,Grorud,4796,2294.55613652262,17580,19116,9297,5.04,4.37,489000,30110,453000,10.9228232,59.9621403,10.8805488,59.9614243,blue
164,164,164,164,164,164,30112,30110,Alna,Grorud,6432,3692.52766527506,29231,30341,9297,9.23,4.37,477000,30110,453000,10.8352756,59.9324168,10.8805488,59.9614243,blue
165,165,165,165,165,165,30113,30110,Østensjø,Grorud,2543,8369.45745217048,27005,30474,9297,7.66,4.37,539000,30110,453000,10.8327479245309,59.8875633,10.8805488,59.9614243,blue
166,166,166,166,166,166,30114,30110,Nordstrand,Grorud,1861,11720.1667584189,27713,30471,9297,11.83,4.37,607000,30110,453000,10.7861425,59.8645605,10.8805488,59.9614243,blue
167,167,167,167,167,167,30115,30110,Søndre Nordstrand,Grorud,1293,14635.3748851197,21953,23438,9297,6.16,4.37,539000,30110,453000,10.7984955157279,59.83594385,10.8805488,59.9614243,blue
168,168,168,168,168,168,30116,30110,Sentrum,Grorud,2000,9902.41920207938,825,1264,9297,1.4,4.37,335000,30110,453000,10.7531379,59.9110251,10.8805488,59.9614243,blue
169,169,169,169,169,169,30117,30110,Marka,Grorud,240,11045.7912286965,1014,1035,9297,5.7,4.37,625000,30110,453000,10.6710051914903,60.04026165,10.8805488,59.9614243,blue
170,170,170,170,170,170,30101,30111,Gamle Oslo,Stovner,4182,12068.2800883651,32642,41736,9490,4.75,5.04,453000,30111,489000,10.7347673396537,59.8992367,10.9228232,59.9621403,blue
171,171,171,171,171,171,30102,30111,Grünerløkka,Stovner,3956,8757.24585569651,36931,47824,9490,3.65,5.04,450000,30111,489000,10.7774211663347,59.92547125,10.9228232,59.9621403,blue
172,172,172,172,172,172,30103,30111,Sagene,Stovner,1978,9019.61943456911,27199,33852,9490,2.34,5.04,461000,30111,489000,10.7658488126624,59.93827295,10.9228232,59.9621403,blue
173,173,173,173,173,173,30104,30111,St. Hanshaugen,Stovner,2443,10645.5618987693,26137,29966,9490,2.8,5.04,430000,30111,489000,10.7389582516493,59.9279499,10.9228232,59.9621403,blue
174,174,174,174,174,174,30105,30111,Frogner,Stovner,3225,13955.4376191225,37858,42741,9490,5.35,5.04,464000,30111,489000,10.7066491,59.9222241,10.9228232,59.9621403,blue
175,175,175,175,175,175,30106,30111,Ullern,Stovner,1367,14864.8426285369,18359,19164,9490,7.1,5.04,648000,30111,489000,10.6651318330476,59.9258182,10.9228232,59.9621403,blue
176,176,176,176,176,176,30107,30111,Vestre Aker,Stovner,1421,14130.3241639588,26115,27837,9490,11.55,5.04,688000,30111,489000,10.6703187408315,59.95830005,10.9228232,59.9621403,blue
177,177,177,177,177,177,30108,30111,Nordre Aker,Stovner,3027,9201.14297569189,29692,31804,9490,10.5,5.04,578000,30111,489000,10.7564123566546,59.95363815,10.9228232,59.9621403,blue
178,178,178,178,178,178,30109,30111,Bjerke,Stovner,3510,5809.02977864614,17453,20501,9490,5.85,5.04,490000,30111,489000,10.8292084530298,59.9413947,10.9228232,59.9621403,blue
179,179,179,179,179,179,30110,30111,Grorud,Stovner,4928,2294.55613652262,15957,17273,9490,4.37,5.04,453000,30111,489000,10.8805488,59.9614243,10.9228232,59.9621403,blue
180,180,180,180,180,180,30111,30111,Stovner,Stovner,19358,0.0,17580,19116,9490,5.04,5.04,489000,30111,489000,10.9228232,59.9621403,10.9228232,59.9621403,blue
181,181,181,181,181,181,30112,30111,Alna,Stovner,7398,4275.94623954438,29231,30341,9490,9.23,5.04,477000,30111,489000,10.8352756,59.9324168,10.9228232,59.9621403,blue
182,182,182,182,182,182,30113,30111,Østensjø,Stovner,2246,8750.38840231024,27005,30474,9490,7.66,5.04,539000,30111,489000,10.8327479245309,59.8875633,10.9228232,59.9621403,blue
183,183,183,183,183,183,30114,30111,Nordstrand,Stovner,1852,12415.9604466652,27713,30471,9490,11.83,5.04,607000,30111,489000,10.7861425,59.8645605,10.9228232,59.9621403,blue
184,184,184,184,184,184,30115,30111,Søndre Nordstrand,Stovner,1335,14657.4865665103,21953,23438,9490,6.16,5.04,539000,30111,489000,10.7984955157279,59.83594385,10.9228232,59.9621403,blue
185,185,185,185,185,185,30116,30111,Sentrum,Stovner,2213,11413.3885254062,825,1264,9490,1.4,5.04,335000,30111,489000,10.7531379,59.9110251,10.9228232,59.9621403,blue
186,186,186,186,186,186,30117,30111,Marka,Stovner,138,13277.2944325113,1014,1035,9490,5.7,5.04,625000,30111,489000,10.6710051914903,60.04026165,10.9228232,59.9621403,blue
187,187,187,187,187,187,30101,30112,Gamle Oslo,Alna,11523,7880.68840244435,32642,41736,31427,4.75,9.23,453000,30112,477000,10.7347673396537,59.8992367,10.8352756,59.9324168,blue
188,188,188,188,188,188,30102,30112,Grünerløkka,Alna,8985,4935.87649553491,36931,47824,31427,3.65,9.23,450000,30112,477000,10.7774211663347,59.92547125,10.8352756,59.9324168,blue
189,189,189,189,189,189,30103,30112,Sagene,Alna,5384,5721.43347228219,27199,33852,31427,2.34,9.23,461000,30112,477000,10.7658488126624,59.93827295,10.8352756,59.9324168,blue
190,190,190,190,190,190,30104,30112,St. Hanshaugen,Alna,5946,7053.06713921173,26137,29966,31427,2.8,9.23,430000,30112,477000,10.7389582516493,59.9279499,10.8352756,59.9324168,blue
191,191,191,191,191,191,30105,30112,Frogner,Alna,7528,10048.4057929507,37858,42741,31427,5.35,9.23,464000,30112,477000,10.7066491,59.9222241,10.8352756,59.9324168,blue
192,192,192,192,192,192,30106,30112,Ullern,Alna,3386,11352.1250773718,18359,19164,31427,7.1,9.23,648000,30112,477000,10.6651318330476,59.9258182,10.8352756,59.9324168,blue
193,193,193,193,193,193,30107,30112,Vestre Aker,Alna,4254,11299.39755792,26115,27837,31427,11.55,9.23,688000,30112,477000,10.6703187408315,59.95830005,10.8352756,59.9324168,blue
194,194,194,194,194,194,30108,30112,Nordre Aker,Alna,6748,6629.61342797927,29692,31804,31427,10.5,9.23,578000,30112,477000,10.7564123566546,59.95363815,10.8352756,59.9324168,blue
195,195,195,195,195,195,30109,30112,Bjerke,Alna,9080,2565.59824320442,17453,20501,31427,5.85,9.23,490000,30112,477000,10.8292084530298,59.9413947,10.8352756,59.9324168,blue
196,196,196,196,196,196,30110,30112,Grorud,Alna,6495,3692.52766527506,15957,17273,31427,4.37,9.23,453000,30112,477000,10.8805488,59.9614243,10.8352756,59.9324168,blue
197,197,197,197,197,197,30111,30112,Stovner,Alna,7001,4275.94623954438,17580,19116,31427,5.04,9.23,489000,30112,477000,10.9228232,59.9621403,10.8352756,59.9324168,blue
198,198,198,198,198,198,30112,30112,Alna,Alna,41430,0.0,29231,30341,31427,9.23,9.23,477000,30112,477000,10.8352756,59.9324168,10.8352756,59.9324168,blue
199,199,199,199,199,199,30113,30112,Østensjø,Alna,10194,4692.66432601816,27005,30474,31427,7.66,9.23,539000,30112,477000,10.8327479245309,59.8875633,10.8352756,59.9324168,blue
200,200,200,200,200,200,30114,30112,Nordstrand,Alna,6215,8196.65154323134,27713,30471,31427,11.83,9.23,607000,30112,477000,10.7861425,59.8645605,10.8352756,59.9324168,blue
201,201,201,201,201,201,30115,30112,Søndre Nordstrand,Alna,4596,10945.4451007324,21953,23438,31427,6.16,9.23,539000,30112,477000,10.7984955157279,59.83594385,10.8352756,59.9324168,blue
202,202,202,202,202,202,30116,30112,Sentrum,Alna,4364,7376.7940939825,825,1264,31427,1.4,9.23,335000,30112,477000,10.7531379,59.9110251,10.8352756,59.9324168,blue
203,203,203,203,203,203,30117,30112,Marka,Alna,521,12621.9931074806,1014,1035,31427,5.7,9.23,625000,30112,477000,10.6710051914903,60.04026165,10.8352756,59.9324168,blue
204,204,204,204,204,204,30101,30113,Gamle Oslo,Østensjø,9885,5228.02136598383,32642,41736,12470,4.75,7.66,453000,30113,539000,10.7347673396537,59.8992367,10.8327479245309,59.8875633,blue
205,205,205,205,205,205,30102,30113,Grünerløkka,Østensjø,6438,4934.9232867709,36931,47824,12470,3.65,7.66,450000,30113,539000,10.7774211663347,59.92547125,10.8327479245309,59.8875633,blue
206,206,206,206,206,206,30103,30113,Sagene,Østensjø,3673,6535.76775102701,27199,33852,12470,2.34,7.66,461000,30113,539000,10.7658488126624,59.93827295,10.8327479245309,59.8875633,blue
207,207,207,207,207,207,30104,30113,St. Hanshaugen,Østensjø,5519,6750.02285383301,26137,29966,12470,2.8,7.66,430000,30113,539000,10.7389582516493,59.9279499,10.8327479245309,59.8875633,blue
208,208,208,208,208,208,30105,30113,Frogner,Østensjø,6848,8210.10453063396,37858,42741,12470,5.35,7.66,464000,30113,539000,10.7066491,59.9222241,10.8327479245309,59.8875633,blue
209,209,209,209,209,209,30106,30113,Ullern,Østensjø,3048,10360.2811802611,18359,19164,12470,7.1,7.66,648000,30113,539000,10.6651318330476,59.9258182,10.8327479245309,59.8875633,blue
210,210,210,210,210,210,30107,30113,Vestre Aker,Østensjø,3315,11584.1943607258,26115,27837,12470,11.55,7.66,688000,30113,539000,10.6703187408315,59.95830005,10.8327479245309,59.8875633,blue
211,211,211,211,211,211,30108,30113,Nordre Aker,Østensjø,5661,8258.79044565783,29692,31804,12470,10.5,7.66,578000,30113,539000,10.7564123566546,59.95363815,10.8327479245309,59.8875633,blue
212,212,212,212,212,212,30109,30113,Bjerke,Østensjø,4120,5406.33210074001,17453,20501,12470,5.85,7.66,490000,30113,539000,10.8292084530298,59.9413947,10.8327479245309,59.8875633,blue
213,213,213,213,213,213,30110,30113,Grorud,Østensjø,2513,8369.45745217048,15957,17273,12470,4.37,7.66,453000,30113,539000,10.8805488,59.9614243,10.8327479245309,59.8875633,blue
214,214,214,214,214,214,30111,30113,Stovner,Østensjø,2457,8750.38840231024,17580,19116,12470,5.04,7.66,489000,30113,539000,10.9228232,59.9621403,10.8327479245309,59.8875633,blue
215,215,215,215,215,215,30112,30113,Alna,Østensjø,10491,4692.66432601816,29231,30341,12470,9.23,7.66,477000,30113,539000,10.8352756,59.9324168,10.8327479245309,59.8875633,blue
216,216,216,216,216,216,30113,30113,Østensjø,Østensjø,36238,0.0,27005,30474,12470,7.66,7.66,539000,30113,539000,10.8327479245309,59.8875633,10.8327479245309,59.8875633,blue
217,217,217,217,217,217,30114,30113,Nordstrand,Østensjø,10161,3809.721986946,27713,30471,12470,11.83,7.66,607000,30113,539000,10.7861425,59.8645605,10.8327479245309,59.8875633,blue
218,218,218,218,218,218,30115,30113,Søndre Nordstrand,Østensjø,5853,6365.77436795742,21953,23438,12470,6.16,7.66,539000,30113,539000,10.7984955157279,59.83594385,10.8327479245309,59.8875633,blue
219,219,219,219,219,219,30116,30113,Sentrum,Østensjø,4448,5610.78964021059,825,1264,12470,1.4,7.66,335000,30113,539000,10.7531379,59.9110251,10.8327479245309,59.8875633,blue
220,220,220,220,220,220,30117,30113,Marka,Østensjø,403,15276.3562930056,1014,1035,12470,5.7,7.66,625000,30113,539000,10.6710051914903,60.04026165,10.8327479245309,59.8875633,blue
221,221,221,221,221,221,30101,30114,Gamle Oslo,Nordstrand,9447,3628.12138118424,32642,41736,11179,4.75,11.83,453000,30114,607000,10.7347673396537,59.8992367,10.7861425,59.8645605,blue
222,222,222,222,222,222,30102,30114,Grünerløkka,Nordstrand,6551,6095.00140087353,36931,47824,11179,3.65,11.83,450000,30114,607000,10.7774211663347,59.92547125,10.7861425,59.8645605,blue
223,223,223,223,223,223,30103,30114,Sagene,Nordstrand,3724,7591.02746187971,27199,33852,11179,2.34,11.83,461000,30114,607000,10.7658488126624,59.93827295,10.7861425,59.8645605,blue
224,224,224,224,224,224,30104,30114,St. Hanshaugen,Nordstrand,5896,6861.27135195817,26137,29966,11179,2.8,11.83,430000,30114,607000,10.7389582516493,59.9279499,10.7861425,59.8645605,blue
225,225,225,225,225,225,30105,30114,Frogner,Nordstrand,8486,6483.48394867249,37858,42741,11179,5.35,11.83,464000,30114,607000,10.7066491,59.9222241,10.7861425,59.8645605,blue
226,226,226,226,226,226,30106,30114,Ullern,Nordstrand,3539,9029.77776385104,18359,19164,11179,7.1,11.83,648000,30114,607000,10.6651318330476,59.9258182,10.7861425,59.8645605,blue
227,227,227,227,227,227,30107,30114,Vestre Aker,Nordstrand,3662,11167.2925200225,26115,27837,11179,11.55,11.83,688000,30114,607000,10.6703187408315,59.95830005,10.7861425,59.8645605,blue
228,228,228,228,228,228,30108,30114,Nordre Aker,Nordstrand,5566,9430.30786287457,29692,31804,11179,10.5,11.83,578000,30114,607000,10.7564123566546,59.95363815,10.7861425,59.8645605,blue
229,229,229,229,229,229,30109,30114,Bjerke,Nordstrand,3211,8047.61090309418,17453,20501,11179,5.85,11.83,490000,30114,607000,10.8292084530298,59.9413947,10.7861425,59.8645605,blue
230,230,230,230,230,230,30110,30114,Grorud,Nordstrand,1777,11720.1667584189,15957,17273,11179,4.37,11.83,453000,30114,607000,10.8805488,59.9614243,10.7861425,59.8645605,blue
231,231,231,231,231,231,30111,30114,Stovner,Nordstrand,1774,12415.9604466652,17580,19116,11179,5.04,11.83,489000,30114,607000,10.9228232,59.9621403,10.7861425,59.8645605,blue
232,232,232,232,232,232,30112,30114,Alna,Nordstrand,6306,8196.65154323134,29231,30341,11179,9.23,11.83,477000,30114,607000,10.8352756,59.9324168,10.7861425,59.8645605,blue
233,233,233,233,233,233,30113,30114,Østensjø,Nordstrand,10248,3809.721986946,27005,30474,11179,7.66,11.83,539000,30114,607000,10.8327479245309,59.8875633,10.7861425,59.8645605,blue
234,234,234,234,234,234,30114,30114,Nordstrand,Nordstrand,41953,0.0,27713,30471,11179,11.83,11.83,607000,30114,607000,10.7861425,59.8645605,10.7861425,59.8645605,blue
235,235,235,235,235,235,30115,30114,Søndre Nordstrand,Nordstrand,8494,4724.41164747656,21953,23438,11179,6.16,11.83,539000,30114,607000,10.7984955157279,59.83594385,10.7861425,59.8645605,blue
236,236,236,236,236,236,30116,30114,Sentrum,Nordstrand,5172,4831.78733212261,825,1264,11179,1.4,11.83,335000,30114,607000,10.7531379,59.9110251,10.7861425,59.8645605,blue
237,237,237,237,237,237,30117,30114,Marka,Nordstrand,187,16439.2303506344,1014,1035,11179,5.7,11.83,625000,30114,607000,10.6710051914903,60.04026165,10.7861425,59.8645605,blue
238,238,238,238,238,238,30101,30115,Gamle Oslo,Søndre Nordstrand,5692,8344.19013933794,32642,41736,6701,4.75,6.16,453000,30115,539000,10.7347673396537,59.8992367,10.7984955157279,59.83594385,blue
239,239,239,239,239,239,30102,30115,Grünerløkka,Søndre Nordstrand,3847,10453.4688685713,36931,47824,6701,3.65,6.16,450000,30115,539000,10.7774211663347,59.92547125,10.7984955157279,59.83594385,blue
240,240,240,240,240,240,30103,30115,Sagene,Søndre Nordstrand,1800,12046.2051078755,27199,33852,6701,2.34,6.16,461000,30115,539000,10.7658488126624,59.93827295,10.7984955157279,59.83594385,blue
241,241,241,241,241,241,30104,30115,St. Hanshaugen,Søndre Nordstrand,3562,11524.6678467151,26137,29966,6701,2.8,6.16,430000,30115,539000,10.7389582516493,59.9279499,10.7984955157279,59.83594385,blue
242,242,242,242,242,242,30105,30115,Frogner,Søndre Nordstrand,4208,11064.5828766954,37858,42741,6701,5.35,6.16,464000,30115,539000,10.7066491,59.9222241,10.7984955157279,59.83594385,blue
243,243,243,243,243,243,30106,30115,Ullern,Søndre Nordstrand,1803,13643.4988208261,18359,19164,6701,7.1,6.16,648000,30115,539000,10.6651318330476,59.9258182,10.7984955157279,59.83594385,blue
244,244,244,244,244,244,30107,30115,Vestre Aker,Søndre Nordstrand,2016,15888.5596813701,26115,27837,6701,11.55,6.16,688000,30115,539000,10.6703187408315,59.95830005,10.7984955157279,59.83594385,blue
245,245,245,245,245,245,30108,30115,Nordre Aker,Søndre Nordstrand,3025,13891.5473412866,29692,31804,6701,10.5,6.16,578000,30115,539000,10.7564123566546,59.95363815,10.7984955157279,59.83594385,blue
246,246,246,246,246,246,30109,30115,Bjerke,Søndre Nordstrand,2064,11710.8698120674,17453,20501,6701,5.85,6.16,490000,30115,539000,10.8292084530298,59.9413947,10.7984955157279,59.83594385,blue
247,247,247,247,247,247,30110,30115,Grorud,Søndre Nordstrand,1320,14635.3748851197,15957,17273,6701,4.37,6.16,453000,30115,539000,10.8805488,59.9614243,10.7984955157279,59.83594385,blue
248,248,248,248,248,248,30111,30115,Stovner,Søndre Nordstrand,1321,14657.4865665103,17580,19116,6701,5.04,6.16,489000,30115,539000,10.9228232,59.9621403,10.7984955157279,59.83594385,blue
249,249,249,249,249,249,30112,30115,Alna,Søndre Nordstrand,4550,10945.4451007324,29231,30341,6701,9.23,6.16,477000,30115,539000,10.8352756,59.9324168,10.7984955157279,59.83594385,blue
250,250,250,250,250,250,30113,30115,Østensjø,Søndre Nordstrand,5826,6365.77436795742,27005,30474,6701,7.66,6.16,539000,30115,539000,10.8327479245309,59.8875633,10.7984955157279,59.83594385,blue
251,251,251,251,251,251,30114,30115,Nordstrand,Søndre Nordstrand,8781,4724.41164747656,27713,30471,6701,11.83,6.16,607000,30115,539000,10.7861425,59.8645605,10.7984955157279,59.83594385,blue
252,252,252,252,252,252,30115,30115,Søndre Nordstrand,Søndre Nordstrand,22139,0.0,21953,23438,6701,6.16,6.16,539000,30115,539000,10.7984955157279,59.83594385,10.7984955157279,59.83594385,blue
253,253,253,253,253,253,30116,30115,Sentrum,Søndre Nordstrand,3323,9550.09496860559,825,1264,6701,1.4,6.16,335000,30115,539000,10.7531379,59.9110251,10.7984955157279,59.83594385,blue
254,254,254,254,254,254,30117,30115,Marka,Søndre Nordstrand,123,20976.3583948872,1014,1035,6701,5.7,6.16,625000,30115,539000,10.6710051914903,60.04026165,10.7984955157279,59.83594385,blue
255,255,255,255,255,255,30101,30116,Gamle Oslo,Sentrum,11361,1380.58582467063,32642,41736,77995,4.75,1.4,453000,30116,335000,10.7347673396537,59.8992367,10.7531379,59.9110251,blue
256,256,256,256,256,256,30102,30116,Grünerløkka,Sentrum,9811,2752.28906982427,36931,47824,77995,3.65,1.4,450000,30116,335000,10.7774211663347,59.92547125,10.7531379,59.9110251,blue
257,257,257,257,257,257,30103,30116,Sagene,Sentrum,5477,3507.51195039899,27199,33852,77995,2.34,1.4,461000,30116,335000,10.7658488126624,59.93827295,10.7531379,59.9110251,blue
258,258,258,258,258,258,30104,30116,St. Hanshaugen,Sentrum,12214,2178.11600662083,26137,29966,77995,2.8,1.4,430000,30116,335000,10.7389582516493,59.9279499,10.7531379,59.9110251,blue
259,259,259,259,259,259,30105,30116,Frogner,Sentrum,14508,2751.37587242439,37858,42741,77995,5.35,1.4,464000,30116,335000,10.7066491,59.9222241,10.7531379,59.9110251,blue
260,260,260,260,260,260,30106,30116,Ullern,Sentrum,3998,4752.55367061221,18359,19164,77995,7.1,1.4,648000,30116,335000,10.6651318330476,59.9258182,10.7531379,59.9110251,blue
261,261,261,261,261,261,30107,30116,Vestre Aker,Sentrum,4681,6391.52976709036,26115,27837,77995,11.55,1.4,688000,30116,335000,10.6703187408315,59.95830005,10.7531379,59.9110251,blue
262,262,262,262,262,262,30108,30116,Nordre Aker,Sentrum,6294,5129.76934475753,29692,31804,77995,10.5,1.4,578000,30116,335000,10.7564123566546,59.95363815,10.7531379,59.9110251,blue
263,263,263,263,263,263,30109,30116,Bjerke,Sentrum,2896,5732.48528572595,17453,20501,77995,5.85,1.4,490000,30116,335000,10.8292084530298,59.9413947,10.7531379,59.9110251,blue
264,264,264,264,264,264,30110,30116,Grorud,Sentrum,2003,9902.41920207938,15957,17273,77995,4.37,1.4,453000,30116,335000,10.8805488,59.9614243,10.7531379,59.9110251,blue
265,265,265,265,265,265,30111,30116,Stovner,Sentrum,2088,11413.3885254062,17580,19116,77995,5.04,1.4,489000,30116,335000,10.9228232,59.9621403,10.7531379,59.9110251,blue
266,266,266,266,266,266,30112,30116,Alna,Sentrum,4407,7376.7940939825,29231,30341,77995,9.23,1.4,477000,30116,335000,10.8352756,59.9324168,10.7531379,59.9110251,blue
267,267,267,267,267,267,30113,30116,Østensjø,Sentrum,4326,5610.78964021059,27005,30474,77995,7.66,1.4,539000,30116,335000,10.8327479245309,59.8875633,10.7531379,59.9110251,blue
268,268,268,268,268,268,30114,30116,Nordstrand,Sentrum,4968,4831.78733212261,27713,30471,77995,11.83,1.4,607000,30116,335000,10.7861425,59.8645605,10.7531379,59.9110251,blue
269,269,269,269,269,269,30115,30116,Søndre Nordstrand,Sentrum,2988,9550.09496860559,21953,23438,77995,6.16,1.4,539000,30116,335000,10.7984955157279,59.83594385,10.7531379,59.9110251,blue
270,270,270,270,270,270,30116,30116,Sentrum,Sentrum,25783,0.0,825,1264,77995,1.4,1.4,335000,30116,335000,10.7531379,59.9110251,10.7531379,59.9110251,blue
271,271,271,271,271,271,30117,30116,Marka,Sentrum,252,11816.0191105228,1014,1035,77995,5.7,1.4,625000,30116,335000,10.6710051914903,60.04026165,10.7531379,59.9110251,blue
272,272,272,272,272,272,30101,30117,Gamle Oslo,Marka,380,13191.8939035905,32642,41736,793,4.75,5.7,453000,30117,625000,10.7347673396537,59.8992367,10.6710051914903,60.04026165,blue
273,273,273,273,273,273,30102,30117,Grünerløkka,Marka,565,10546.7497898375,36931,47824,793,3.65,5.7,450000,30117,625000,10.7774211663347,59.92547125,10.6710051914903,60.04026165,blue
274,274,274,274,274,274,30103,30117,Sagene,Marka,611,8934.33598916795,27199,33852,793,2.34,5.7,461000,30117,625000,10.7658488126624,59.93827295,10.6710051914903,60.04026165,blue
275,275,275,275,275,275,30104,30117,St. Hanshaugen,Marka,567,9650.40985410208,26137,29966,793,2.8,5.7,430000,30117,625000,10.7389582516493,59.9279499,10.6710051914903,60.04026165,blue
276,276,276,276,276,276,30105,30117,Frogner,Marka,711,11910.5540420011,37858,42741,793,5.35,5.7,464000,30117,625000,10.7066491,59.9222241,10.6710051914903,60.04026165,blue
277,277,277,277,277,277,30106,30117,Ullern,Marka,508,10231.7567614521,18359,19164,793,7.1,5.7,648000,30117,625000,10.6651318330476,59.9258182,10.6710051914903,60.04026165,blue
278,278,278,278,278,278,30107,30117,Vestre Aker,Marka,1284,7197.63251362662,26115,27837,793,11.55,5.7,688000,30117,625000,10.6703187408315,59.95830005,10.6710051914903,60.04026165,blue
279,279,279,279,279,279,30108,30117,Nordre Aker,Marka,1417,7097.38525458412,29692,31804,793,10.5,5.7,578000,30117,625000,10.7564123566546,59.95363815,10.6710051914903,60.04026165,blue
280,280,280,280,280,280,30109,30117,Bjerke,Marka,441,10343.7887960559,17453,20501,793,5.85,5.7,490000,30117,625000,10.8292084530298,59.9413947,10.6710051914903,60.04026165,blue
281,281,281,281,281,281,30110,30117,Grorud,Marka,252,11045.7912286965,15957,17273,793,4.37,5.7,453000,30117,625000,10.8805488,59.9614243,10.6710051914903,60.04026165,blue
282,282,282,282,282,282,30111,30117,Stovner,Marka,153,13277.2944325113,17580,19116,793,5.04,5.7,489000,30117,625000,10.9228232,59.9621403,10.6710051914903,60.04026165,blue
283,283,283,283,283,283,30112,30117,Alna,Marka,601,12621.9931074806,29231,30341,793,9.23,5.7,477000,30117,625000,10.8352756,59.9324168,10.6710051914903,60.04026165,blue
284,284,284,284,284,284,30113,30117,Østensjø,Marka,427,15276.3562930056,27005,30474,793,7.66,5.7,539000,30117,625000,10.8327479245309,59.8875633,10.6710051914903,60.04026165,blue
285,285,285,285,285,285,30114,30117,Nordstrand,Marka,213,16439.2303506344,27713,30471,793,11.83,5.7,607000,30117,625000,10.7861425,59.8645605,10.6710051914903,60.04026165,blue
286,286,286,286,286,286,30115,30117,Søndre Nordstrand,Marka,171,20976.3583948872,21953,23438,793,6.16,5.7,539000,30117,625000,10.7984955157279,59.83594385,10.6710051914903,60.04026165,blue
287,287,287,287,287,287,30116,30117,Sentrum,Marka,291,11816.0191105228,825,1264,793,1.4,5.7,335000,30117,625000,10.7531379,59.9110251,10.6710051914903,60.04026165,blue
288,288,288,288,288,288,30117,30117,Marka,Marka,1492,0.0,1014,1035,793,5.7,5.7,625000,30117,625000,10.6710051914903,60.04026165,10.6710051914903,60.04026165,blue
